Insurance_Id,Policy_No,Provider
10001,A12345,HealthGuard Insurance
10002,B54321,MediCare Insurance
10003,C98765,LifeCare Assurance
10004,D56789,Wellness Insurance
10005,E13579,Guardian Health Plan
10006,F24680,MediShield Assurance
10007,G87654,LifeSafe Insurance
10008,H54321,HealthCare Providers
10009,I98765,MediSure Assurance
10010,J12345,WellGuard Insurance
10011,K34567,SecureLife Insurance
10012,L43210,MediPro Health Plan
10013,M56789,LifeProtect Assurance
10014,N87654,HealthNet Insurance
10015,O13579,MediCoverage Assurance
10016,P54321,SafeHealth Providers
10017,Q98765,LifeAssure Insurance
10018,R87654,WellnessCare Assurance
10019,S43210,MediGuard Insurance
10020,T34567,HealthSure Providers
